"DESCRIPTION","DURATION IN MS","NAME","PARENT SUITE","START TIME","STATUS","STOP TIME","SUB SUITE","SUITE","TEST CLASS","TEST METHOD"
"","51","Services should not depend on Steppers","Sparta Framework Tests","Fri Oct 02 00:30:24 UTC 2026","passed","Fri Oct 02 00:30:24 UTC 2026","Not allowed dependencies","sparta-framework/api-architecture.test.ts","",""
"","55","Services should not depend on Services","Sparta Framework Tests","Fri Oct 02 00:30:24 UTC 2026","passed","Fri Oct 02 00:30:24 UTC 2026","Not allowed dependencies","sparta-framework/api-architecture.test.ts","",""
"","43","Base Clients should not depend on Steppers","Sparta Framework Tests","Fri Oct 02 00:30:25 UTC 2026","passed","Fri Oct 02 00:30:25 UTC 2026","Not allowed dependencies","sparta-framework/api-architecture.test.ts","",""
"","1","end2end-mobile/patient-mobile.test.ts","Sparta Framework Tests","Fri Oct 02 00:30:27 UTC 2026","passed","Fri Oct 02 00:30:27 UTC 2026","test files should not use @cerios/playwright-expectly, but SPARTA architecture","sparta-framework/test-files.test.ts","",""
"","459","Assistant portal UI - patients page - verify patient details in patient details page","Assistant Portal UI","Fri Oct 02 00:30:31 UTC 2026","passed","Fri Oct 02 00:30:31 UTC 2026","","assistant-portal-ui/patients.test.ts","",""
"","1","end2end/patient-portal.test.ts","Sparta Framework Tests","Fri Oct 02 00:30:27 UTC 2026","passed","Fri Oct 02 00:30:27 UTC 2026","test files should not use @playwright/test, but SPARTA architecture","sparta-framework/test-files.test.ts","",""
"","1","assistant-portal-ui/dashboard.test.ts","Sparta Framework Tests","Fri Oct 02 00:30:27 UTC 2026","passed","Fri Oct 02 00:30:27 UTC 2026","test files should not use @playwright/test, but SPARTA architecture","sparta-framework/test-files.test.ts","",""
"","1","spec.ts files should not be present","Sparta Framework Tests","Fri Oct 02 00:30:27 UTC 2026","passed","Fri Oct 02 00:30:27 UTC 2026","","sparta-framework/test-files.test.ts","",""
"","2","Services should end with '-service.ts'","Sparta Framework Tests","Fri Oct 02 00:30:27 UTC 2026","passed","Fri Oct 02 00:30:27 UTC 2026","Naming conventions","sparta-framework/sparta-files.test.ts","",""
"","44","Scenarios should not depend on Services","Sparta Framework Tests","Fri Oct 02 00:30:25 UTC 2026","passed","Fri Oct 02 00:30:25 UTC 2026","Not allowed dependencies","sparta-framework/api-architecture.test.ts","",""
"","1","assistant-portal-ui/appointments.test.ts","Sparta Framework Tests","Fri Oct 02 00:30:27 UTC 2026","passed","Fri Oct 02 00:30:27 UTC 2026","test files should not use @cerios/playwright-expectly, but SPARTA architecture","sparta-framework/test-files.test.ts","",""
"","43","Base Clients should not depend on Clients","Sparta Framework Tests","Fri Oct 02 00:30:25 UTC 2026","passed","Fri Oct 02 00:30:25 UTC 2026","Not allowed dependencies","sparta-framework/api-architecture.test.ts","",""
"","682","Patient Portal UI - Verify Appointments","End2End","Fri Oct 02 00:30:44 UTC 2026","passed","Fri Oct 02 00:30:45 UTC 2026","","end2end/patient-portal.test.ts","",""
"","1","All filenames must be kebab-case","Sparta Framework Tests","Fri Oct 02 00:30:27 UTC 2026","passed","Fri Oct 02 00:30:27 UTC 2026","","sparta-framework/test-files.test.ts","",""
"","46","Base Clients should not depend on Asserters","Sparta Framework Tests","Fri Oct 02 00:30:25 UTC 2026","passed","Fri Oct 02 00:30:25 UTC 2026","Not allowed dependencies","sparta-framework/api-architecture.test.ts","",""
"","456","Assistant portal UI - appointments page - verify doctor dropdown options","Assistant Portal UI","Fri Oct 02 00:30:29 UTC 2026","passed","Fri Oct 02 00:30:29 UTC 2026","","assistant-portal-ui/appointments.test.ts","",""
"","674","Assistant portal UI - sign in and store storage state - assistant_miller","Setup Assistant Portal UI Auth","Fri Oct 02 00:30:20 UTC 2026","passed","Fri Oct 02 00:30:21 UTC 2026","","assistant-portal-ui/setup/assistant-portal-auth-ui.setup.ts","",""
"","577","Patient Photo","Assistant Portal UI","Fri Oct 02 00:30:30 UTC 2026","passed","Fri Oct 02 00:30:30 UTC 2026","","assistant-portal-ui/patient-photo.test.ts","",""
"","1","patient-portal-ui/patient-portal-pages.test.ts","Sparta Framework Tests","Fri Oct 02 00:30:27 UTC 2026","passed","Fri Oct 02 00:30:27 UTC 2026","test files should not use @cerios/playwright-expectly, but SPARTA architecture","sparta-framework/test-files.test.ts","",""
"","73","Steppers should not depend on Asserters","Sparta Framework Tests","Fri Oct 02 00:30:24 UTC 2026","passed","Fri Oct 02 00:30:24 UTC 2026","Not allowed dependencies","sparta-framework/api-architecture.test.ts","",""
"","1","generated/patient-portal-ui/verify-doctor-james-smith-is-listed-on-the-doctors-page.test.ts","Sparta Framework Tests","Fri Oct 02 00:30:27 UTC 2026","passed","Fri Oct 02 00:30:27 UTC 2026","test files should not use @cerios/playwright-expectly, but SPARTA architecture","sparta-framework/test-files.test.ts","",""
"","1","patient-portal-ui/verify-doctor-james-smith-is-listed-on-the-doctors-page.test.ts","Sparta Framework Tests","Fri Oct 02 00:30:27 UTC 2026","passed","Fri Oct 02 00:30:27 UTC 2026","test files should not use @cerios/playwright-expectly, but SPARTA architecture","sparta-framework/test-files.test.ts","",""
"","686","Assistant portal UI - sign in and store storage state - assistant_davis","Setup Assistant Portal UI Auth","Fri Oct 02 00:30:19 UTC 2026","passed","Fri Oct 02 00:30:20 UTC 2026","","assistant-portal-ui/setup/assistant-portal-auth-ui.setup.ts","",""
"","1","assistant-portal-ui/patient-photo.test.ts","Sparta Framework Tests","Fri Oct 02 00:30:27 UTC 2026","passed","Fri Oct 02 00:30:27 UTC 2026","test files should not use @cerios/playwright-expectly, but SPARTA architecture","sparta-framework/test-files.test.ts","",""
"","2","Clients should end with '-client.ts'","Sparta Framework Tests","Fri Oct 02 00:30:27 UTC 2026","passed","Fri Oct 02 00:30:27 UTC 2026","Naming conventions","sparta-framework/sparta-files.test.ts","",""
"","394","should verify doctor James Smith is listed on the doctors page","Patient Portal UI","Fri Oct 02 00:30:36 UTC 2026","passed","Fri Oct 02 00:30:37 UTC 2026","verify-doctor-james-smith-is-listed-on-the-doctors-page","patient-portal-ui/verify-doctor-james-smith-is-listed-on-the-doctors-page.test.ts","",""
"","1","end2end/assistant-patient-appointment-cancellation.test.ts","Sparta Framework Tests","Fri Oct 02 00:30:27 UTC 2026","passed","Fri Oct 02 00:30:27 UTC 2026","test files should not use @cerios/playwright-expectly, but SPARTA architecture","sparta-framework/test-files.test.ts","",""
"","1","unit/testlayer-date-time-input.test.ts","Sparta Framework Tests","Fri Oct 02 00:30:27 UTC 2026","passed","Fri Oct 02 00:30:27 UTC 2026","test files should not use @playwright/test, but SPARTA architecture","sparta-framework/test-files.test.ts","",""
"","43","Asserters should not depend on Scenarios","Sparta Framework Tests","Fri Oct 02 00:30:24 UTC 2026","passed","Fri Oct 02 00:30:24 UTC 2026","Not allowed dependencies","sparta-framework/api-architecture.test.ts","",""
"","488","Patient Portal UI - Verify Patient Details","End2End","Fri Oct 02 00:30:45 UTC 2026","passed","Fri Oct 02 00:30:45 UTC 2026","","end2end/patient-portal.test.ts","",""
"","44","Base Services should not depend on Asserters","Sparta Framework Tests","Fri Oct 02 00:30:25 UTC 2026","passed","Fri Oct 02 00:30:25 UTC 2026","Not allowed dependencies","sparta-framework/api-architecture.test.ts","",""
"","434","Patient portal UI - medical history page - verify history entries","Patient Portal UI","Fri Oct 02 00:30:34 UTC 2026","passed","Fri Oct 02 00:30:34 UTC 2026","","patient-portal-ui/patient-portal-pages.test.ts","",""
"","1","assistant-portal-ui/patients.test.ts","Sparta Framework Tests","Fri Oct 02 00:30:27 UTC 2026","passed","Fri Oct 02 00:30:27 UTC 2026","test files should not use @playwright/test, but SPARTA architecture","sparta-framework/test-files.test.ts","",""
"","1","assistant-portal-ui/patient-photo.test.ts","Sparta Framework Tests","Fri Oct 02 00:30:27 UTC 2026","passed","Fri Oct 02 00:30:27 UTC 2026","test files should not use @playwright/test, but SPARTA architecture","sparta-framework/test-files.test.ts","",""
"","2","Interaction group mobile should not depend on other groups","Sparta Framework Tests","Fri Oct 02 00:30:27 UTC 2026","passed","Fri Oct 02 00:30:27 UTC 2026","No unallowed cross-interaction dependencies","sparta-framework/interaction-architecture.test.ts","",""
"","51","Steppers should not depend on Scenarios","Sparta Framework Tests","Fri Oct 02 00:30:24 UTC 2026","passed","Fri Oct 02 00:30:24 UTC 2026","Not allowed dependencies","sparta-framework/api-architecture.test.ts","",""
"","1","assistant-portal-ui/appointments.test.ts","Sparta Framework Tests","Fri Oct 02 00:30:27 UTC 2026","passed","Fri Oct 02 00:30:27 UTC 2026","test files should not use @playwright/test, but SPARTA architecture","sparta-framework/test-files.test.ts","",""
"","1","generated/end2end/assistant-creates-future-appointment-and-patient-cancels-it.test.ts","Sparta Framework Tests","Fri Oct 02 00:30:27 UTC 2026","passed","Fri Oct 02 00:30:27 UTC 2026","test files should not use @cerios/playwright-expectly, but SPARTA architecture","sparta-framework/test-files.test.ts","",""
"","46","Base Clients should not depend on Scenarios","Sparta Framework Tests","Fri Oct 02 00:30:25 UTC 2026","passed","Fri Oct 02 00:30:25 UTC 2026","Not allowed dependencies","sparta-framework/api-architecture.test.ts","",""
"","418","Patient portal UI - profile page - verify stored patient details","Patient Portal UI","Fri Oct 02 00:30:36 UTC 2026","passed","Fri Oct 02 00:30:36 UTC 2026","","patient-portal-ui/patient-portal-pages.test.ts","",""
"","2","Not allowed extensions found, only allowed: .ts, .json","Sparta Framework Tests","Fri Oct 02 00:30:27 UTC 2026","passed","Fri Oct 02 00:30:27 UTC 2026","","sparta-framework/sparta-files.test.ts","",""
"","44","Clients should not depend on Steppers","Sparta Framework Tests","Fri Oct 02 00:30:24 UTC 2026","passed","Fri Oct 02 00:30:24 UTC 2026","Not allowed dependencies","sparta-framework/api-architecture.test.ts","",""
"","53","Services should not depend on Asserters","Sparta Framework Tests","Fri Oct 02 00:30:24 UTC 2026","passed","Fri Oct 02 00:30:24 UTC 2026","Not allowed dependencies","sparta-framework/api-architecture.test.ts","",""
"","43","Base Services should not depend on Scenarios","Sparta Framework Tests","Fri Oct 02 00:30:25 UTC 2026","passed","Fri Oct 02 00:30:25 UTC 2026","Not allowed dependencies","sparta-framework/api-architecture.test.ts","",""
"","43","Clients should not depend on Services","Sparta Framework Tests","Fri Oct 02 00:30:24 UTC 2026","passed","Fri Oct 02 00:30:24 UTC 2026","Not allowed dependencies","sparta-framework/api-architecture.test.ts","",""
"","42","Base Services should not depend on Base Services","Sparta Framework Tests","Fri Oct 02 00:30:25 UTC 2026","passed","Fri Oct 02 00:30:25 UTC 2026","Not allowed dependencies","sparta-framework/api-architecture.test.ts","",""
"","263","Interaction group api should not depend on other groups","Sparta Framework Tests","Fri Oct 02 00:30:26 UTC 2026","passed","Fri Oct 02 00:30:27 UTC 2026","No unallowed cross-interaction dependencies","sparta-framework/interaction-architecture.test.ts","",""
"","311","Assistant portal UI - dashboard page - verify dashboard entry point","Assistant Portal UI","Fri Oct 02 00:30:29 UTC 2026","passed","Fri Oct 02 00:30:30 UTC 2026","","assistant-portal-ui/dashboard.test.ts","",""
"","449","Patient portal UI - home page - verify the signed-in patient landing page","Patient Portal UI","Fri Oct 02 00:30:32 UTC 2026","passed","Fri Oct 02 00:30:33 UTC 2026","","patient-portal-ui/patient-portal-pages.test.ts","",""
"","67","Steppers should not depend on Steppers","Sparta Framework Tests","Fri Oct 02 00:30:24 UTC 2026","passed","Fri Oct 02 00:30:24 UTC 2026","Not allowed dependencies","sparta-framework/api-architecture.test.ts","",""
"","1","assistant-portal-ui/patients.test.ts","Sparta Framework Tests","Fri Oct 02 00:30:27 UTC 2026","passed","Fri Oct 02 00:30:27 UTC 2026","test files should not use @cerios/playwright-expectly, but SPARTA architecture","sparta-framework/test-files.test.ts","",""
"","734","Assistant portal UI - sign in and store storage state - assistant_brown","Setup Assistant Portal UI Auth","Fri Oct 02 00:30:18 UTC 2026","passed","Fri Oct 02 00:30:19 UTC 2026","","assistant-portal-ui/setup/assistant-portal-auth-ui.setup.ts","",""
"","2","Asserters should end with '-asserter.ts'","Sparta Framework Tests","Fri Oct 02 00:30:27 UTC 2026","passed","Fri Oct 02 00:30:27 UTC 2026","Naming conventions","sparta-framework/sparta-files.test.ts","",""
"","1481","Patient portal UI - prescriptions page - verify prescriptions and medications","Patient Portal UI","Fri Oct 02 00:30:34 UTC 2026","passed","Fri Oct 02 00:30:36 UTC 2026","","patient-portal-ui/patient-portal-pages.test.ts","",""
"","1","end2end/patient-portal.test.ts","Sparta Framework Tests","Fri Oct 02 00:30:27 UTC 2026","passed","Fri Oct 02 00:30:27 UTC 2026","test files should not use @cerios/playwright-expectly, but SPARTA architecture","sparta-framework/test-files.test.ts","",""
"","1302","Patient portal UI - doctors page - verify doctor cards","Patient Portal UI","Fri Oct 02 00:30:33 UTC 2026","passed","Fri Oct 02 00:30:34 UTC 2026","","patient-portal-ui/patient-portal-pages.test.ts","",""
"","45","Base Clients should not depend on Base Clients","Sparta Framework Tests","Fri Oct 02 00:30:25 UTC 2026","passed","Fri Oct 02 00:30:25 UTC 2026","Not allowed dependencies","sparta-framework/api-architecture.test.ts","",""
"","1","patient-portal-ui/patient-portal-pages.test.ts","Sparta Framework Tests","Fri Oct 02 00:30:27 UTC 2026","passed","Fri Oct 02 00:30:27 UTC 2026","test files should not use @playwright/test, but SPARTA architecture","sparta-framework/test-files.test.ts","",""
"","730","Patient portal UI - sign in and store storage state - patient_moore","Setup Patient Portal UI Auth","Fri Oct 02 00:30:13 UTC 2026","passed","Fri Oct 02 00:30:14 UTC 2026","","patient-portal-ui/setup/patient-portal-auth-ui.setup.ts","",""
"","1","generated/patient-portal-ui/verify-doctor-james-smith-is-listed-on-the-doctors-page.test.ts","Sparta Framework Tests","Fri Oct 02 00:30:27 UTC 2026","passed","Fri Oct 02 00:30:27 UTC 2026","test files should not use @playwright/test, but SPARTA architecture","sparta-framework/test-files.test.ts","",""
"","53","Services should not depend on Scenarios","Sparta Framework Tests","Fri Oct 02 00:30:24 UTC 2026","passed","Fri Oct 02 00:30:24 UTC 2026","Not allowed dependencies","sparta-framework/api-architecture.test.ts","",""
"","529","Steppers should not depend on Clients","Sparta Framework Tests","Fri Oct 02 00:30:23 UTC 2026","passed","Fri Oct 02 00:30:24 UTC 2026","Not allowed dependencies","sparta-framework/api-architecture.test.ts","",""
"","41","Base Services should not depend on Services","Sparta Framework Tests","Fri Oct 02 00:30:25 UTC 2026","passed","Fri Oct 02 00:30:25 UTC 2026","Not allowed dependencies","sparta-framework/api-architecture.test.ts","",""
"","1561","Patient portal UI - sign in and store storage state - patient_wilson","Setup Patient Portal UI Auth","Fri Oct 02 00:30:11 UTC 2026","passed","Fri Oct 02 00:30:13 UTC 2026","","patient-portal-ui/setup/patient-portal-auth-ui.setup.ts","",""
"","1","generated/end2end/assistant-sees-cancelled-status-after-patient-cancels-appointment.test.ts","Sparta Framework Tests","Fri Oct 02 00:30:27 UTC 2026","passed","Fri Oct 02 00:30:27 UTC 2026","test files should not use @playwright/test, but SPARTA architecture","sparta-framework/test-files.test.ts","",""
"","45","Asserters should not depend on Steppers","Sparta Framework Tests","Fri Oct 02 00:30:24 UTC 2026","passed","Fri Oct 02 00:30:24 UTC 2026","Not allowed dependencies","sparta-framework/api-architecture.test.ts","",""
"","1","end2end-mobile/patient-mobile.test.ts","Sparta Framework Tests","Fri Oct 02 00:30:27 UTC 2026","passed","Fri Oct 02 00:30:27 UTC 2026","test files should not use @playwright/test, but SPARTA architecture","sparta-framework/test-files.test.ts","",""
"","706","Patient portal UI - sign in and store storage state - patient_taylor","Setup Patient Portal UI Auth","Fri Oct 02 00:30:14 UTC 2026","passed","Fri Oct 02 00:30:15 UTC 2026","","patient-portal-ui/setup/patient-portal-auth-ui.setup.ts","",""
"","2332","Assistant creates an appointment, the patient cancels it, and the assistant sees the cancellation","Smoke Chain Test","Fri Oct 02 00:30:38 UTC 2026","passed","Fri Oct 02 00:30:40 UTC 2026","","end2end/assistant-patient-appointment-cancellation.test.ts","",""
"","43","Clients should not depend on Asserters","Sparta Framework Tests","Fri Oct 02 00:30:24 UTC 2026","passed","Fri Oct 02 00:30:24 UTC 2026","Not allowed dependencies","sparta-framework/api-architecture.test.ts","",""
"","2","Builders should end with '-builder.ts'","Sparta Framework Tests","Fri Oct 02 00:30:27 UTC 2026","passed","Fri Oct 02 00:30:27 UTC 2026","Naming conventions","sparta-framework/sparta-files.test.ts","",""
"","4","Interaction group ui should not depend on other groups","Sparta Framework Tests","Fri Oct 02 00:30:27 UTC 2026","passed","Fri Oct 02 00:30:27 UTC 2026","No unallowed cross-interaction dependencies","sparta-framework/interaction-architecture.test.ts","",""
"","47","Scenarios should not depend on Clients","Sparta Framework Tests","Fri Oct 02 00:30:25 UTC 2026","passed","Fri Oct 02 00:30:25 UTC 2026","Not allowed dependencies","sparta-framework/api-architecture.test.ts","",""
"","697","Patient portal UI - sign in and store storage state - patient_thomas","Setup Patient Portal UI Auth","Fri Oct 02 00:30:17 UTC 2026","passed","Fri Oct 02 00:30:17 UTC 2026","","patient-portal-ui/setup/patient-portal-auth-ui.setup.ts","",""
"","2","API 'keycloak' should not depend on other APIs","Sparta Framework Tests","Fri Oct 02 00:30:25 UTC 2026","passed","Fri Oct 02 00:30:25 UTC 2026","No unallowed cross-API dependencies","sparta-framework/api-architecture.test.ts","",""
"","1","patient-portal-ui/verify-doctor-james-smith-is-listed-on-the-doctors-page.test.ts","Sparta Framework Tests","Fri Oct 02 00:30:27 UTC 2026","passed","Fri Oct 02 00:30:27 UTC 2026","test files should not use @playwright/test, but SPARTA architecture","sparta-framework/test-files.test.ts","",""
"","2504","Assistant creates an appointment, the patient cancels it, and the assistant sees the cancellation","End2End","Fri Oct 02 00:30:41 UTC 2026","passed","Fri Oct 02 00:30:44 UTC 2026","","end2end/assistant-patient-appointment-cancellation.test.ts","",""
"","1","generated/end2end/assistant-sees-cancelled-status-after-patient-cancels-appointment.test.ts","Sparta Framework Tests","Fri Oct 02 00:30:27 UTC 2026","passed","Fri Oct 02 00:30:27 UTC 2026","test files should not use @cerios/playwright-expectly, but SPARTA architecture","sparta-framework/test-files.test.ts","",""
"","2","API 'assistant-api' should not depend on other APIs","Sparta Framework Tests","Fri Oct 02 00:30:25 UTC 2026","passed","Fri Oct 02 00:30:25 UTC 2026","No unallowed cross-API dependencies","sparta-framework/api-architecture.test.ts","",""
"","47","Asserters should not depend on Asserters","Sparta Framework Tests","Fri Oct 02 00:30:24 UTC 2026","passed","Fri Oct 02 00:30:24 UTC 2026","Not allowed dependencies","sparta-framework/api-architecture.test.ts","",""
"","1","patient-mobile-app/mobile.test.ts","Sparta Framework Tests","Fri Oct 02 00:30:27 UTC 2026","passed","Fri Oct 02 00:30:27 UTC 2026","test files should not use @cerios/playwright-expectly, but SPARTA architecture","sparta-framework/test-files.test.ts","",""
"","2","All typescriptfiles filenames must be kebab-case","Sparta Framework Tests","Fri Oct 02 00:30:27 UTC 2026","passed","Fri Oct 02 00:30:27 UTC 2026","","sparta-framework/sparta-files.test.ts","",""
"","45","Clients should not depend on Scenarios","Sparta Framework Tests","Fri Oct 02 00:30:24 UTC 2026","passed","Fri Oct 02 00:30:25 UTC 2026","Not allowed dependencies","sparta-framework/api-architecture.test.ts","",""
"","551","Assistant portal UI - patients page - verify patient details","Assistant Portal UI","Fri Oct 02 00:30:30 UTC 2026","passed","Fri Oct 02 00:30:31 UTC 2026","","assistant-portal-ui/patients.test.ts","",""
"","44","Base Services should not depend on Steppers","Sparta Framework Tests","Fri Oct 02 00:30:25 UTC 2026","passed","Fri Oct 02 00:30:25 UTC 2026","Not allowed dependencies","sparta-framework/api-architecture.test.ts","",""
"","1","generated/end2end/assistant-creates-future-appointment-and-patient-cancels-it.test.ts","Sparta Framework Tests","Fri Oct 02 00:30:27 UTC 2026","passed","Fri Oct 02 00:30:27 UTC 2026","test files should not use @playwright/test, but SPARTA architecture","sparta-framework/test-files.test.ts","",""
"","1630","Patient portal UI - sign in and store storage state - patient_anderson","Setup Patient Portal UI Auth","Fri Oct 02 00:30:15 UTC 2026","passed","Fri Oct 02 00:30:17 UTC 2026","","patient-portal-ui/setup/patient-portal-auth-ui.setup.ts","",""
"","1","unit/testlayer-date-time-input.test.ts","Sparta Framework Tests","Fri Oct 02 00:30:27 UTC 2026","passed","Fri Oct 02 00:30:27 UTC 2026","test files should not use @cerios/playwright-expectly, but SPARTA architecture","sparta-framework/test-files.test.ts","",""
"","1","patient-mobile-app/mobile.test.ts","Sparta Framework Tests","Fri Oct 02 00:30:27 UTC 2026","passed","Fri Oct 02 00:30:27 UTC 2026","test files should not use @playwright/test, but SPARTA architecture","sparta-framework/test-files.test.ts","",""
"","46","Clients should not depend on Clients","Sparta Framework Tests","Fri Oct 02 00:30:24 UTC 2026","passed","Fri Oct 02 00:30:24 UTC 2026","Not allowed dependencies","sparta-framework/api-architecture.test.ts","",""
"","895","Assistant portal UI - appointments page - verify appointments page elements","Assistant Portal UI","Fri Oct 02 00:30:28 UTC 2026","passed","Fri Oct 02 00:30:29 UTC 2026","","assistant-portal-ui/appointments.test.ts","",""
"","44","Base Clients should not depend on Base Services","Sparta Framework Tests","Fri Oct 02 00:30:25 UTC 2026","passed","Fri Oct 02 00:30:25 UTC 2026","Not allowed dependencies","sparta-framework/api-architecture.test.ts","",""
"","1","assistant-portal-ui/dashboard.test.ts","Sparta Framework Tests","Fri Oct 02 00:30:27 UTC 2026","passed","Fri Oct 02 00:30:27 UTC 2026","test files should not use @cerios/playwright-expectly, but SPARTA architecture","sparta-framework/test-files.test.ts","",""
"","1","end2end/assistant-patient-appointment-cancellation.test.ts","Sparta Framework Tests","Fri Oct 02 00:30:27 UTC 2026","passed","Fri Oct 02 00:30:27 UTC 2026","test files should not use @playwright/test, but SPARTA architecture","sparta-framework/test-files.test.ts","",""
"","52","Base Clients should not depend on Services","Sparta Framework Tests","Fri Oct 02 00:30:25 UTC 2026","passed","Fri Oct 02 00:30:25 UTC 2026","Not allowed dependencies","sparta-framework/api-architecture.test.ts","",""
"","2","Scenarios should end with '-scenario.ts'","Sparta Framework Tests","Fri Oct 02 00:30:27 UTC 2026","passed","Fri Oct 02 00:30:27 UTC 2026","Naming conventions","sparta-framework/sparta-files.test.ts","",""
"","2","Steppers should end with '-stepper.ts'","Sparta Framework Tests","Fri Oct 02 00:30:27 UTC 2026","passed","Fri Oct 02 00:30:27 UTC 2026","Naming conventions","sparta-framework/sparta-files.test.ts","",""
